follower_name,followee_name
"Albert Larson","Albert Carey"
"Betty Helibron","Albert Carey"
"Bruno Smith","Albert Carey"
"Elena DSouza","Albert Carey"
"Elena Parker","Albert Carey"
"George Parker","Albert Carey"
"George Smith","Albert Carey"
"John Chrysler","Albert Carey"
"Monica Keit","Albert Carey"
"Nadir Goldstein","Albert Carey"
"Peter Karipova","Albert Carey"
"Jeremy Parker","Albert Helibron"
"John Chrysler","Albert Helibron"
"Nadir Karipova","Albert Helibron"
"Tom Chrysler","Albert Helibron"
"Bruno Li","Albert Karipova"
"Charles Chrysler","Albert Karipova"
"George Smith","Albert Karipova"
"Monica Toddbridge","Albert Karipova"
"Betty Chrysler","Albert Larson"
"Bruno Keit","Albert Larson"
"Celina Larson","Albert Larson"
"Charles DSouza","Albert Larson"
"Christy Helibron","Albert Larson"
"Christy Lomet","Albert Larson"
"Denny Karipova","Albert Larson"
"Erie Karipova","Albert Larson"
"John Wood","Albert Larson"
"Nadir Toddbridge","Albert Larson"
"Albert Smith","Albert Li"
"Bruno Li","Albert Li"
"Celina Larson","Albert Li"
"Denny Larson","Albert Li"
"Tom Carey","Albert Li"
"Albert Karipova","Albert Smith"
"Christy Lomet","Albert Smith"
"Denny Keit","Albert Smith"
"George Parker","Albert Smith"
"Jeremy Carey","Albert Smith"
"Jeremy Goldstein","Albert Smith"
"Kitty Helibron","Albert Smith"
"Monica DSouza","Albert Smith"
"Alex Wood","Alex Carey"
"Charles Parker","Alex Carey"
"Jeremy Goldstein","Alex Carey"
"Tom Chrysler","Alex Carey"
"Betty Chrysler","Alex Keit"
"Betty Lomet","Alex Keit"
"Bruno Larson","Alex Keit"
"Celina Toddbridge","Alex Keit"
"Denny Goldstein","Alex Keit"
"Kitty Helibron","Alex Keit"
"Betty Helibron","Alex Larson"
"Bruno Smith","Alex Larson"
"Christy Li","Alex Larson"
"Emma DSouza","Alex Larson"
"Emma Smith","Alex Larson"
"Mandy Smith","Alex Larson"
"Betty Chrysler","Alex Peterson"
"Betty Lomet","Alex Peterson"
"Charles DSouza","Alex Peterson"
"Mike Keit","Alex Peterson"
"Roger DSouza","Alex Peterson"
"Sarena DSouza","Alex Peterson"
"Albert Larson","Alex Wood"
"Alex Carey","Alex Wood"
"Charles Chrysler","Alex Wood"
"Gina Toddbridge","Alex Wood"
"Sam Goldstein","Alex Wood"
"Sam Larson","Alex Wood"
"Sam Li","Alex Wood"
"Sarena Carey","Alex Wood"
"Tom Carey","Alex Wood"
"Albert Larson","Betty Chrysler"
"Alex Peterson","Betty Chrysler"
"Alex Wood","Betty Chrysler"
"Betty Wood","Betty Chrysler"
"Charles Karipova","Betty Chrysler"
"David Parker","Betty Chrysler"
"Denny Karipova","Betty Chrysler"
"Erie DSouza","Betty Chrysler"
"George Smith","Betty Chrysler"
"Gina Larson","Betty Chrysler"
"Jeremy Goldstein","Betty Chrysler"
"Mandy Wood","Betty Chrysler"
"Peter Keit","Betty Chrysler"
"Roger DSouza","Betty Chrysler"
"Sam DSouza","Betty Chrysler"
"Sam Peterson","Betty Chrysler"
"Albert Carey","Betty Helibron"
"Alex Larson","Betty Helibron"
"Betty Wood","Betty Helibron"
"Bruno Li","Betty Helibron"
"Bruno Parker","Betty Helibron"
"Celina Toddbridge","Betty Helibron"
"Charles Parker","Betty Helibron"
"David Parker","Betty Helibron"
"Emma Goldstein","Betty Helibron"
"Gabriela Li","Betty Helibron"
"Gina Helibron","Betty Helibron"
"Gina Larson","Betty Helibron"
"Gina Parker","Betty Helibron"
"John Parker","Betty Helibron"
"John Wood","Betty Helibron"
"Monica DSouza","Betty Helibron"
"Roger Larson","Betty Helibron"
"Sarena Carey","Betty Helibron"
"Alex Keit","Betty Lomet"
"Bruno Li","Betty Lomet"
"Charles Parker","Betty Lomet"
"David Parker","Betty Lomet"
"George Parker","Betty Lomet"
"Gina Toddbridge","Betty Lomet"
"Monica Keit","Betty Lomet"
"Peter Karipova","Betty Lomet"
"Roger Lomet","Betty Lomet"
"Tom Chrysler","Betty Lomet"
"Betty Lomet","Betty Wood"
"Bruno Larson","Betty Wood"
"Bruno Smith","Betty Wood"
"Nadir Karipova","Betty Wood"
"Sam Goldstein","Betty Wood"
"Albert Carey",BradPitt
"Albert Helibron",BradPitt
"Albert Karipova",BradPitt
"Albert Larson",BradPitt
"Albert Li",BradPitt
"Albert Smith",BradPitt
"Alex Carey",BradPitt
"Alex Keit",BradPitt
"Alex Larson",BradPitt
"Alex Peterson",BradPitt
"Alex Wood",BradPitt
"Betty Chrysler",BradPitt
"Betty Helibron",BradPitt
"Betty Lomet",BradPitt
"Betty Wood",BradPitt
"Bruno Karipova",BradPitt
"Bruno Keit",BradPitt
"Bruno Larson",BradPitt
"Bruno Li",BradPitt
"Bruno Lomet",BradPitt
"Bruno Parker",BradPitt
"Bruno Smith",BradPitt
"Celina Larson",BradPitt
"Celina Parker",BradPitt
"Celina Toddbridge",BradPitt
"Charles Chrysler",BradPitt
"Charles DSouza",BradPitt
"Charles Karipova",BradPitt
"Charles Parker",BradPitt
"Charles Peterson",BradPitt
"Christy Helibron",BradPitt
"Christy Li",BradPitt
"Christy Lomet",BradPitt
DavidBeckham,BradPitt
"David Parker",BradPitt
"Denny Goldstein",BradPitt
"Denny Karipova",BradPitt
"Denny Keit",BradPitt
"Denny Larson",BradPitt
"Denny Toddbridge",BradPitt
"Elena Chrysler",BradPitt
"Elena DSouza",BradPitt
"Elena Parker",BradPitt
"Emma DSouza",BradPitt
"Emma Goldstein",BradPitt
"Emma Parker",BradPitt
"Emma Smith",BradPitt
"Erie DSouza",BradPitt
"Erie Karipova",BradPitt
"Gabriela Li",BradPitt
"George Goldstein",BradPitt
"George Lomet",BradPitt
"George Parker",BradPitt
"George Smith",BradPitt
"Gina Carey",BradPitt
"Gina Helibron",BradPitt
"Gina Larson",BradPitt
"Gina Parker",BradPitt
"Gina Smith",BradPitt
"Gina Toddbridge",BradPitt
"Jeremy Carey",BradPitt
"Jeremy Goldstein",BradPitt
"Jeremy Parker",BradPitt
"John Chrysler",BradPitt
"John Parker",BradPitt
"John Wood",BradPitt
"Kitty Helibron",BradPitt
"Kitty Toddbridge",BradPitt
"Mandy Smith",BradPitt
"Mandy Wood",BradPitt
"Mary Smith",BradPitt
MichaelPhelps,BradPitt
"Mike Keit",BradPitt
"Monica DSouza",BradPitt
"Monica Keit",BradPitt
"Monica Lomet",BradPitt
"Monica Toddbridge",BradPitt
"Nadir Goldstein",BradPitt
"Nadir Helibron",BradPitt
"Nadir Karipova",BradPitt
"Nadir Li",BradPitt
"Nadir Toddbridge",BradPitt
"Nadir Wood",BradPitt
"Peter Karipova",BradPitt
"Peter Keit",BradPitt
"Roger Carey",BradPitt
"Roger DSouza",BradPitt
"Roger Larson",BradPitt
"Roger Lomet",BradPitt
"Sam DSouza",BradPitt
"Sam Goldstein",BradPitt
"Sam Helibron",BradPitt
"Sam Larson",BradPitt
"Sam Li",BradPitt
"Sam Peterson",BradPitt
"Sarena Carey",BradPitt
"Sarena DSouza",BradPitt
"Sarena Li",BradPitt
"Tina Keit",BradPitt
"Tom Carey",BradPitt
"Tom Chrysler",BradPitt
"Tom Wood",BradPitt
"Albert Karipova",BruceWillis
"Albert Larson",BruceWillis
"Albert Smith",BruceWillis
"Betty Helibron",BruceWillis
"Bruno Li",BruceWillis
"Celina Parker",BruceWillis
"Charles DSouza",BruceWillis
"Christy Li",BruceWillis
"David Parker",BruceWillis
"Denny Karipova",BruceWillis
"Jeremy Goldstein",BruceWillis
"Jeremy Parker",BruceWillis
"John Parker",BruceWillis
"Mike Keit",BruceWillis
"Monica DSouza",BruceWillis
"Nadir Helibron",BruceWillis
"Roger Larson",BruceWillis
"Sam Helibron",BruceWillis
"Sarena Carey",BruceWillis
"Tina Keit",BruceWillis
"Erie Karipova","Bruno Karipova"
"John Chrysler","Bruno Karipova"
"Tom Carey","Bruno Karipova"
"Betty Helibron","Bruno Keit"
"Charles Chrysler","Bruno Keit"
"Charles DSouza","Bruno Keit"
"Christy Helibron","Bruno Keit"
"Erie Karipova","Bruno Keit"
"George Smith","Bruno Keit"
"Mike Keit","Bruno Keit"
"Albert Carey","Bruno Larson"
"Albert Helibron","Bruno Larson"
"Alex Larson","Bruno Larson"
"Bruno Lomet","Bruno Larson"
"Charles Parker","Bruno Larson"
"Denny Karipova","Bruno Larson"
"Emma DSouza","Bruno Larson"
"Emma Goldstein","Bruno Larson"
"Emma Parker","Bruno Larson"
"George Goldstein","Bruno Larson"
"George Lomet","Bruno Larson"
"Gina Helibron","Bruno Larson"
"Kitty Toddbridge","Bruno Larson"
"Mandy Wood","Bruno Larson"
"Roger DSouza","Bruno Larson"
"Roger Larson","Bruno Larson"
"Roger Lomet","Bruno Larson"
"Sam Helibron","Bruno Larson"
"Sarena Carey","Bruno Larson"
"Albert Helibron","Bruno Li"
"Albert Karipova","Bruno Li"
"Erie Karipova","Bruno Li"
"Gina Helibron","Bruno Li"
"Sam Goldstein","Bruno Li"
"Tom Chrysler","Bruno Li"
"Betty Helibron","Bruno Lomet"
"Denny Larson","Bruno Lomet"
"Gina Helibron","Bruno Lomet"
"Tom Chrysler","Bruno Lomet"
"Denny Larson","Bruno Parker"
"Gina Helibron","Bruno Parker"
"Gina Toddbridge","Bruno Parker"
"Nadir Helibron","Bruno Parker"
"Peter Keit","Bruno Parker"
"Albert Karipova","Bruno Smith"
"Charles DSouza","Bruno Smith"
"David Parker","Bruno Smith"
"Denny Karipova","Bruno Smith"
"Jeremy Goldstein","Bruno Smith"
"Nadir Toddbridge","Bruno Smith"
"Albert Smith","Celina Larson"
"Betty Helibron","Celina Larson"
"Betty Lomet","Celina Larson"
"Christy Li","Celina Larson"
"Denny Larson","Celina Larson"
"Denny Toddbridge","Celina Larson"
"Elena Parker","Celina Larson"
"Emma Parker","Celina Larson"
"Gina Smith","Celina Larson"
"Gina Toddbridge","Celina Larson"
"Mike Keit","Celina Larson"
"Sam Goldstein","Celina Larson"
"Sam Larson","Celina Larson"
"Tom Carey","Celina Larson"
"Tom Chrysler","Celina Larson"
"Betty Wood","Celina Parker"
"Bruno Li","Celina Parker"
"Celina Larson","Celina Parker"
"Denny Larson","Celina Parker"
"Erie Karipova","Celina Parker"
"George Goldstein","Celina Parker"
"Jeremy Goldstein","Celina Parker"
"Jeremy Parker","Celina Parker"
"Mary Smith","Celina Parker"
"Monica DSouza","Celina Parker"
"Monica Keit","Celina Parker"
"Roger Larson","Celina Parker"
"Bruno Li","Celina Toddbridge"
"Denny Karipova","Celina Toddbridge"
"Elena DSouza","Celina Toddbridge"
"Erie DSouza","Celina Toddbridge"
"Gina Larson","Celina Toddbridge"
"Nadir Helibron","Celina Toddbridge"
"Peter Karipova","Celina Toddbridge"
"Sam DSouza","Celina Toddbridge"
"Tom Chrysler","Celina Toddbridge"
"Albert Larson","Charles Chrysler"
"Albert Li","Charles Chrysler"
"Betty Helibron","Charles Chrysler"
"Elena DSouza","Charles Chrysler"
"Emma Goldstein","Charles Chrysler"
"Erie Karipova","Charles Chrysler"
"Gabriela Li","Charles Chrysler"
"George Parker","Charles Chrysler"
"Gina Toddbridge","Charles Chrysler"
"Kitty Toddbridge","Charles Chrysler"
"Monica Toddbridge","Charles Chrysler"
"Nadir Li","Charles Chrysler"
"Sam Li","Charles Chrysler"
"Sarena DSouza","Charles Chrysler"
"Bruno Keit","Charles DSouza"
"Emma Parker","Charles DSouza"
"Emma Smith","Charles DSouza"
"Jeremy Parker","Charles DSouza"
"Monica DSouza","Charles DSouza"
"Monica Toddbridge","Charles DSouza"
"Sam Helibron","Charles DSouza"
"Tom Chrysler","Charles DSouza"
"Betty Chrysler","Charles Karipova"
"Betty Lomet","Charles Karipova"
"Gina Helibron","Charles Karipova"
"Gina Toddbridge","Charles Karipova"
"John Chrysler","Charles Karipova"
"Mandy Smith","Charles Karipova"
"Nadir Goldstein","Charles Karipova"
"Albert Smith","Charles Parker"
"Alex Carey","Charles Parker"
"Betty Chrysler","Charles Parker"
"Bruno Larson","Charles Parker"
"Christy Li","Charles Parker"
"Elena Parker","Charles Parker"
"George Smith","Charles Parker"
"Tom Carey","Charles Parker"
"Betty Lomet","Charles Peterson"
"Charles Chrysler","Charles Peterson"
"Peter Keit","Charles Peterson"
"Betty Helibron","Christy Helibron"
"Bruno Lomet","Christy Helibron"
"Celina Larson","Christy Helibron"
"Celina Toddbridge","Christy Helibron"
"Charles Karipova","Christy Helibron"
"Charles Parker","Christy Helibron"
"Emma Goldstein","Christy Helibron"
"Gina Larson","Christy Helibron"
"Jeremy Carey","Christy Helibron"
"Kitty Toddbridge","Christy Helibron"
"Nadir Goldstein","Christy Helibron"
"Tina Keit","Christy Helibron"
"Alex Wood","Christy Li"
"Bruno Li","Christy Li"
"Celina Larson","Christy Li"
"Denny Toddbridge","Christy Li"
"Gina Larson","Christy Li"
"Nadir Goldstein","Christy Li"
"Sam Goldstein","Christy Li"
"Betty Chrysler","Christy Lomet"
"Denny Toddbridge","Christy Lomet"
"John Chrysler","Christy Lomet"
"Sam Larson","Christy Lomet"
"Sarena Li","Christy Lomet"
"Tom Chrysler","Christy Lomet"
"Albert Li",DavidBeckham
"Alex Larson",DavidBeckham
"Alex Peterson",DavidBeckham
"Alex Wood",DavidBeckham
"Betty Chrysler",DavidBeckham
"Betty Helibron",DavidBeckham
"Betty Wood",DavidBeckham
"Bruno Larson",DavidBeckham
"Bruno Li",DavidBeckham
"Bruno Lomet",DavidBeckham
"Celina Parker",DavidBeckham
"Celina Toddbridge",DavidBeckham
"Charles DSouza",DavidBeckham
"Charles Karipova",DavidBeckham
"Christy Lomet",DavidBeckham
"David Parker",DavidBeckham
"Denny Karipova",DavidBeckham
"Elena DSouza",DavidBeckham
"Emma DSouza",DavidBeckham
"Emma Parker",DavidBeckham
"Erie DSouza",DavidBeckham
"Gabriela Li",DavidBeckham
"George Parker",DavidBeckham
"George Smith",DavidBeckham
"Gina Larson",DavidBeckham
"Gina Parker",DavidBeckham
"Gina Smith",DavidBeckham
"Gina Toddbridge",DavidBeckham
"Jeremy Parker",DavidBeckham
"John Chrysler",DavidBeckham
"Mandy Wood",DavidBeckham
"Monica DSouza",DavidBeckham
"Monica Toddbridge",DavidBeckham
"Roger Carey",DavidBeckham
"Roger DSouza",DavidBeckham
"Sam Peterson",DavidBeckham
"Sarena Carey",DavidBeckham
"Sarena DSouza",DavidBeckham
SerenaWilliams,DavidBeckham
"Tina Keit",DavidBeckham
"Tom Chrysler",DavidBeckham
"Bruno Larson","David Parker"
"Sam Li","David Parker"
"Alex Keit","Denny Goldstein"
"Bruno Li","Denny Goldstein"
"Gina Helibron","Denny Goldstein"
"John Chrysler","Denny Goldstein"
"Mandy Smith","Denny Goldstein"
"Albert Larson","Denny Karipova"
"Betty Chrysler","Denny Karipova"
"Bruno Smith","Denny Karipova"
"Charles Chrysler","Denny Karipova"
"Charles Karipova","Denny Karipova"
"Denny Larson","Denny Karipova"
"John Wood","Denny Karipova"
"Kitty Toddbridge","Denny Karipova"
"Mike Keit","Denny Karipova"
"Monica Keit","Denny Karipova"
"Sam Larson","Denny Karipova"
"Bruno Li","Denny Keit"
"Bruno Lomet","Denny Keit"
"Emma Smith","Denny Keit"
"George Smith","Denny Keit"
"Gina Carey","Denny Keit"
"Peter Keit","Denny Keit"
"Albert Karipova","Denny Larson"
"Alex Wood","Denny Larson"
"Bruno Smith","Denny Larson"
"Celina Larson","Denny Larson"
"Charles Karipova","Denny Larson"
"Christy Li","Denny Larson"
"Christy Lomet","Denny Larson"
"Jeremy Carey","Denny Larson"
"Nadir Toddbridge","Denny Larson"
"Roger Lomet","Denny Larson"
"Sam Goldstein","Denny Larson"
"Sam Li","Denny Larson"
"Alex Keit","Denny Toddbridge"
"Celina Toddbridge","Denny Toddbridge"
"Christy Helibron","Denny Toddbridge"
"Christy Lomet","Denny Toddbridge"
"Denny Karipova","Denny Toddbridge"
"Emma Smith","Denny Toddbridge"
"Gina Carey","Denny Toddbridge"
"John Chrysler","Denny Toddbridge"
"John Wood","Denny Toddbridge"
"Mandy Smith","Denny Toddbridge"
"Nadir Helibron","Denny Toddbridge"
"Roger DSouza","Denny Toddbridge"
"Sam DSouza","Denny Toddbridge"
"Sarena Li","Denny Toddbridge"
"Jeremy Goldstein","Elena Chrysler"
"Nadir Goldstein","Elena Chrysler"
"Sam Goldstein","Elena Chrysler"
"Bruno Larson","Elena DSouza"
"Denny Karipova","Elena DSouza"
"George Lomet","Elena DSouza"
"Mary Smith","Elena DSouza"
"Gina Toddbridge","Elena Parker"
"John Wood","Elena Parker"
"Mandy Wood","Elena Parker"
"Nadir Toddbridge","Elena Parker"
"Sam Goldstein","Elena Parker"
"Tom Chrysler","Elena Parker"
"Albert Carey","Emma DSouza"
"Alex Peterson","Emma DSouza"
"Charles Chrysler","Emma DSouza"
"Denny Larson","Emma DSouza"
"Denny Toddbridge","Emma DSouza"
"Monica Keit","Emma DSouza"
"Roger Larson","Emma DSouza"
"Sam DSouza","Emma DSouza"
"Sam Goldstein","Emma DSouza"
"Bruno Larson","Emma Goldstein"
"Christy Helibron","Emma Goldstein"
"Denny Larson","Emma Goldstein"
"Nadir Goldstein","Emma Goldstein"
"Alex Carey","Emma Parker"
"Alex Wood","Emma Parker"
"Betty Wood","Emma Parker"
"Christy Helibron","Emma Parker"
"Elena Parker","Emma Parker"
"John Wood","Emma Parker"
"Nadir Wood","Emma Parker"
"Peter Karipova","Emma Parker"
"Roger Carey","Emma Parker"
"Roger Lomet","Emma Parker"
"Sam Helibron","Emma Parker"
"Sarena Carey","Emma Parker"
"Tom Carey","Emma Parker"
"Betty Helibron","Emma Smith"
"Betty Lomet","Emma Smith"
"Bruno Larson","Emma Smith"
"Charles Chrysler","Emma Smith"
"Kitty Helibron","Emma Smith"
"Albert Helibron","Erie DSouza"
"Albert Karipova","Erie DSouza"
"Bruno Larson","Erie DSouza"
"Charles Chrysler","Erie DSouza"
"Erie Karipova","Erie DSouza"
"John Chrysler","Erie DSouza"
"Sam Li","Erie DSouza"
"Albert Larson","Erie Karipova"
"Albert Li","Erie Karipova"
"Alex Peterson","Erie Karipova"
"Betty Lomet","Erie Karipova"
"Celina Parker","Erie Karipova"
"Christy Helibron","Erie Karipova"
"David Parker","Erie Karipova"
"Jeremy Parker","Erie Karipova"
"Mike Keit","Erie Karipova"
"Nadir Goldstein","Erie Karipova"
"Roger Lomet","Erie Karipova"
"Sarena Li","Erie Karipova"
"Emma DSouza","Gabriela Li"
"Roger DSouza","Gabriela Li"
"Albert Larson","George Goldstein"
"Celina Parker","George Goldstein"
"Nadir Goldstein","George Goldstein"
"Peter Keit","George Goldstein"
"Albert Li","George Lomet"
"Betty Chrysler","George Lomet"
"Christy Helibron","George Lomet"
"Emma Parker","George Lomet"
"Sam Goldstein","George Lomet"
"Sam Li","George Lomet"
"Tom Wood","George Lomet"
"Betty Chrysler","George Parker"
"Betty Helibron","George Parker"
"Betty Lomet","George Parker"
"Christy Helibron","George Parker"
"George Smith","George Parker"
"Gina Helibron","George Parker"
"Roger Lomet","George Parker"
"Sarena Carey","George Parker"
"Betty Chrysler","George Smith"
"Bruno Parker","George Smith"
"Charles Chrysler","George Smith"
"Charles DSouza","George Smith"
"Charles Karipova","George Smith"
"Charles Parker","George Smith"
"Charles Peterson","George Smith"
"George Goldstein","George Smith"
"John Chrysler","George Smith"
"John Wood","George Smith"
"Nadir Wood","George Smith"
"Sam Goldstein","George Smith"
"Sam Li","George Smith"
"Sarena Li","George Smith"
"John Parker","Gina Carey"
"Alex Wood","Gina Helibron"
"Betty Lomet","Gina Helibron"
"Bruno Lomet","Gina Helibron"
"Bruno Smith","Gina Helibron"
"Charles Chrysler","Gina Helibron"
"Denny Goldstein","Gina Helibron"
"Denny Larson","Gina Helibron"
"Erie Karipova","Gina Helibron"
"Jeremy Parker","Gina Helibron"
"Mike Keit","Gina Helibron"
"Monica DSouza","Gina Helibron"
"Nadir Li","Gina Helibron"
"Peter Karipova","Gina Helibron"
"Roger DSouza","Gina Helibron"
"Albert Helibron","Gina Larson"
"Bruno Larson","Gina Larson"
"Celina Parker","Gina Larson"
"Charles Chrysler","Gina Larson"
"Christy Helibron","Gina Larson"
"Denny Larson","Gina Larson"
"George Lomet","Gina Larson"
"Gina Smith","Gina Larson"
"Tom Carey","Gina Larson"
"Albert Larson","Gina Parker"
"Betty Helibron","Gina Parker"
"Bruno Larson","Gina Parker"
"Erie Karipova","Gina Parker"
"Gina Carey","Gina Parker"
"Albert Helibron","Gina Smith"
"Alex Wood","Gina Smith"
"Bruno Larson","Gina Smith"
"Celina Larson","Gina Smith"
"Jeremy Goldstein","Gina Smith"
"John Parker","Gina Smith"
"Mandy Smith","Gina Smith"
"Tom Wood","Gina Smith"
"Betty Chrysler","Gina Toddbridge"
"Betty Helibron","Gina Toddbridge"
"Charles Karipova","Gina Toddbridge"
"Elena Parker","Gina Toddbridge"
"Emma Goldstein","Gina Toddbridge"
"Emma Parker","Gina Toddbridge"
"George Parker","Gina Toddbridge"
"Monica DSouza","Gina Toddbridge"
"Monica Toddbridge","Gina Toddbridge"
"Peter Karipova","Gina Toddbridge"
"Sam Li","Gina Toddbridge"
"Sarena Li","Gina Toddbridge"
"Tom Carey","Gina Toddbridge"
"Tom Chrysler","Gina Toddbridge"
"Tom Wood","Gina Toddbridge"
"Bruno Larson","Jeremy Carey"
"Denny Karipova","Jeremy Carey"
"Denny Larson","Jeremy Carey"
"Erie DSouza","Jeremy Carey"
"Betty Lomet","Jeremy Goldstein"
"Christy Helibron","Jeremy Goldstein"
"Denny Karipova","Jeremy Goldstein"
"George Lomet","Jeremy Goldstein"
"John Chrysler","Jeremy Goldstein"
"Albert Smith","Jeremy Parker"
"Celina Parker","Jeremy Parker"
"Roger Lomet","Jeremy Parker"
"Sarena Carey","Jeremy Parker"
"Albert Larson","John Chrysler"
"Betty Chrysler","John Chrysler"
"Bruno Parker","John Chrysler"
"Bruno Smith","John Chrysler"
"Celina Larson","John Chrysler"
"Celina Toddbridge","John Chrysler"
"Emma Smith","John Chrysler"
"Gabriela Li","John Chrysler"
"Mary Smith","John Chrysler"
"Nadir Helibron","John Chrysler"
"Nadir Li","John Chrysler"
"Nadir Toddbridge","John Chrysler"
"Roger Carey","John Chrysler"
"Sam Goldstein","John Chrysler"
"Sarena Carey","John Chrysler"
"Tom Wood","John Chrysler"
"Betty Chrysler","John Parker"
"Sarena Li","John Parker"
"Albert Carey",JohnTravolta
"Albert Karipova",JohnTravolta
"Albert Li",JohnTravolta
"Albert Smith",JohnTravolta
"Alex Carey",JohnTravolta
"Alex Keit",JohnTravolta
"Alex Wood",JohnTravolta
"Betty Chrysler",JohnTravolta
"Betty Helibron",JohnTravolta
"Betty Lomet",JohnTravolta
"Betty Wood",JohnTravolta
"Bruno Karipova",JohnTravolta
"Bruno Keit",JohnTravolta
"Bruno Li",JohnTravolta
"Bruno Lomet",JohnTravolta
"Bruno Parker",JohnTravolta
"Bruno Smith",JohnTravolta
"Celina Larson",JohnTravolta
"Celina Parker",JohnTravolta
"Celina Toddbridge",JohnTravolta
"Charles Chrysler",JohnTravolta
"Charles DSouza",JohnTravolta
"Charles Karipova",JohnTravolta
"Charles Peterson",JohnTravolta
"Christy Helibron",JohnTravolta
"Christy Lomet",JohnTravolta
"David Parker",JohnTravolta
"Denny Goldstein",JohnTravolta
"Denny Karipova",JohnTravolta
"Denny Keit",JohnTravolta
"Denny Larson",JohnTravolta
"Denny Toddbridge",JohnTravolta
"Elena Chrysler",JohnTravolta
"Elena DSouza",JohnTravolta
"Elena Parker",JohnTravolta
"Emma Goldstein",JohnTravolta
"Emma Parker",JohnTravolta
"Erie DSouza",JohnTravolta
"Erie Karipova",JohnTravolta
"Gabriela Li",JohnTravolta
"George Goldstein",JohnTravolta
"George Parker",JohnTravolta
"George Smith",JohnTravolta
"Gina Carey",JohnTravolta
"Gina Helibron",JohnTravolta
"Gina Larson",JohnTravolta
"Gina Parker",JohnTravolta
"Gina Smith",JohnTravolta
"Gina Toddbridge",JohnTravolta
"Jeremy Carey",JohnTravolta
"Jeremy Goldstein",JohnTravolta
"Jeremy Parker",JohnTravolta
"John Chrysler",JohnTravolta
"Kitty Helibron",JohnTravolta
"Kitty Toddbridge",JohnTravolta
"Mandy Smith",JohnTravolta
"Mandy Wood",JohnTravolta
"Mary Smith",JohnTravolta
MichaelPhelps,JohnTravolta
"Mike Keit",JohnTravolta
"Monica DSouza",JohnTravolta
"Monica Lomet",JohnTravolta
"Nadir Goldstein",JohnTravolta
"Nadir Helibron",JohnTravolta
"Nadir Toddbridge",JohnTravolta
"Nadir Wood",JohnTravolta
NicholasCage,JohnTravolta
"Peter Karipova",JohnTravolta
"Peter Keit",JohnTravolta
"Roger Carey",JohnTravolta
"Roger DSouza",JohnTravolta
"Roger Larson",JohnTravolta
"Sam DSouza",JohnTravolta
"Sam Goldstein",JohnTravolta
"Sam Helibron",JohnTravolta
"Sam Larson",JohnTravolta
"Sam Li",JohnTravolta
"Sam Peterson",JohnTravolta
SandraBullock,JohnTravolta
"Sarena Carey",JohnTravolta
"Sarena DSouza",JohnTravolta
"Sarena Li",JohnTravolta
"Tom Carey",JohnTravolta
"Albert Larson","John Wood"
"Emma Parker","John Wood"
"Gina Toddbridge","John Wood"
"Nadir Karipova","John Wood"
"Roger DSouza","John Wood"
"Sam Peterson","John Wood"
"Albert Carey",JuliaRoberts
"Albert Helibron",JuliaRoberts
"Albert Karipova",JuliaRoberts
"Albert Larson",JuliaRoberts
"Albert Li",JuliaRoberts
"Albert Smith",JuliaRoberts
"Alex Carey",JuliaRoberts
"Alex Keit",JuliaRoberts
"Alex Peterson",JuliaRoberts
"Betty Chrysler",JuliaRoberts
"Betty Helibron",JuliaRoberts
"Betty Lomet",JuliaRoberts
"Betty Wood",JuliaRoberts
BradPitt,JuliaRoberts
"Bruno Karipova",JuliaRoberts
"Bruno Keit",JuliaRoberts
"Bruno Larson",JuliaRoberts
"Bruno Li",JuliaRoberts
"Bruno Parker",JuliaRoberts
"Bruno Smith",JuliaRoberts
"Celina Larson",JuliaRoberts
"Celina Parker",JuliaRoberts
"Celina Toddbridge",JuliaRoberts
"Charles Chrysler",JuliaRoberts
"Charles Karipova",JuliaRoberts
"Charles Parker",JuliaRoberts
"Christy Helibron",JuliaRoberts
"Christy Li",JuliaRoberts
"Christy Lomet",JuliaRoberts
"Denny Goldstein",JuliaRoberts
"Denny Karipova",JuliaRoberts
"Denny Keit",JuliaRoberts
"Denny Larson",JuliaRoberts
"Denny Toddbridge",JuliaRoberts
"Elena Chrysler",JuliaRoberts
"Emma DSouza",JuliaRoberts
"Emma Goldstein",JuliaRoberts
"Emma Parker",JuliaRoberts
"Emma Smith",JuliaRoberts
"Erie DSouza",JuliaRoberts
"Erie Karipova",JuliaRoberts
"George Goldstein",JuliaRoberts
"George Lomet",JuliaRoberts
"George Parker",JuliaRoberts
"George Smith",JuliaRoberts
"Gina Carey",JuliaRoberts
"Gina Helibron",JuliaRoberts
"Gina Larson",JuliaRoberts
"Gina Parker",JuliaRoberts
"Gina Smith",JuliaRoberts
"Gina Toddbridge",JuliaRoberts
"Jeremy Carey",JuliaRoberts
"Jeremy Parker",JuliaRoberts
"John Chrysler",JuliaRoberts
"John Parker",JuliaRoberts
"John Wood",JuliaRoberts
"Kitty Helibron",JuliaRoberts
"Kitty Toddbridge",JuliaRoberts
"Mandy Smith",JuliaRoberts
"Mandy Wood",JuliaRoberts
"Mary Smith",JuliaRoberts
"Mike Keit",JuliaRoberts
"Monica Keit",JuliaRoberts
"Nadir Helibron",JuliaRoberts
"Nadir Karipova",JuliaRoberts
"Nadir Li",JuliaRoberts
"Nadir Toddbridge",JuliaRoberts
"Nadir Wood",JuliaRoberts
"Peter Karipova",JuliaRoberts
"Peter Keit",JuliaRoberts
"Roger DSouza",JuliaRoberts
"Roger Lomet",JuliaRoberts
"Sam DSouza",JuliaRoberts
"Sam Goldstein",JuliaRoberts
"Sam Helibron",JuliaRoberts
"Sarena Carey",JuliaRoberts
"Sarena Li",JuliaRoberts
"Tina Keit",JuliaRoberts
"Tom Carey",JuliaRoberts
"Tom Chrysler",JuliaRoberts
"Tom Wood",JuliaRoberts
VenusWilliams,JuliaRoberts
"Albert Helibron",JustinTimberlake
"Alex Larson",JustinTimberlake
"Alex Peterson",JustinTimberlake
"Alex Wood",JustinTimberlake
"Betty Helibron",JustinTimberlake
"Betty Wood",JustinTimberlake
"Bruno Larson",JustinTimberlake
"Celina Parker",JustinTimberlake
"Christy Li",JustinTimberlake
DavidBeckham,JustinTimberlake
"Emma DSouza",JustinTimberlake
"Erie Karipova",JustinTimberlake
"George Smith",JustinTimberlake
"Gina Carey",JustinTimberlake
"Gina Parker",JustinTimberlake
"Mandy Smith",JustinTimberlake
"Roger DSouza",JustinTimberlake
"Roger Lomet",JustinTimberlake
"Sam Peterson",JustinTimberlake
"Sarena DSouza",JustinTimberlake
"Tom Chrysler",JustinTimberlake
TomHanks,JustinTimberlake
"Alex Wood","Kitty Helibron"
"Bruno Li","Kitty Helibron"
"Celina Parker","Kitty Helibron"
"John Parker","Kitty Helibron"
"Nadir Li","Kitty Helibron"
"Sarena DSouza","Kitty Helibron"
"Albert Smith","Kitty Toddbridge"
"Betty Helibron","Kitty Toddbridge"
"Christy Helibron","Kitty Toddbridge"
"Emma Parker","Kitty Toddbridge"
"Erie Karipova","Kitty Toddbridge"
"Mandy Wood","Kitty Toddbridge"
"Roger Larson","Kitty Toddbridge"
"Albert Larson","Mandy Smith"
"Alex Larson","Mandy Smith"
"Bruno Smith","Mandy Smith"
"Celina Parker","Mandy Smith"
"Christy Helibron","Mandy Smith"
"Christy Li","Mandy Smith"
"Elena Parker","Mandy Smith"
"Gina Helibron","Mandy Smith"
"Mike Keit","Mandy Smith"
"Sarena DSouza","Mandy Smith"
"Tom Chrysler","Mandy Smith"
"Betty Chrysler","Mandy Wood"
"Bruno Larson","Mandy Wood"
"Celina Larson","Mandy Wood"
"Elena Parker","Mandy Wood"
"Emma DSouza","Mandy Wood"
"John Chrysler","Mandy Wood"
"Kitty Helibron","Mandy Wood"
"Nadir Toddbridge","Mandy Wood"
"Albert Carey",MariahCarey
"Albert Helibron",MariahCarey
"Albert Karipova",MariahCarey
"Albert Li",MariahCarey
"Albert Smith",MariahCarey
"Alex Larson",MariahCarey
"Betty Chrysler",MariahCarey
"Betty Helibron",MariahCarey
"Bruno Karipova",MariahCarey
"Bruno Keit",MariahCarey
"Bruno Larson",MariahCarey
"Bruno Lomet",MariahCarey
"Bruno Parker",MariahCarey
"Bruno Smith",MariahCarey
"Celina Larson",MariahCarey
"Celina Parker",MariahCarey
"Celina Toddbridge",MariahCarey
"Charles Chrysler",MariahCarey
"Charles DSouza",MariahCarey
"Charles Karipova",MariahCarey
"Charles Parker",MariahCarey
"David Parker",MariahCarey
"Denny Goldstein",MariahCarey
"Denny Keit",MariahCarey
"Denny Larson",MariahCarey
"Elena Chrysler",MariahCarey
"Elena DSouza",MariahCarey
"Elena Parker",MariahCarey
"Emma DSouza",MariahCarey
"Emma Goldstein",MariahCarey
"Emma Parker",MariahCarey
"Emma Smith",MariahCarey
"Erie DSouza",MariahCarey
"Gabriela Li",MariahCarey
"George Goldstein",MariahCarey
"Gina Carey",MariahCarey
"Gina Larson",MariahCarey
"Gina Smith",MariahCarey
"Gina Toddbridge",MariahCarey
"Jeremy Goldstein",MariahCarey
"John Chrysler",MariahCarey
"John Wood",MariahCarey
"Monica DSouza",MariahCarey
"Monica Keit",MariahCarey
"Monica Lomet",MariahCarey
"Monica Toddbridge",MariahCarey
"Nadir Li",MariahCarey
"Nadir Wood",MariahCarey
"Peter Karipova",MariahCarey
"Peter Keit",MariahCarey
"Roger DSouza",MariahCarey
"Roger Larson",MariahCarey
"Roger Lomet",MariahCarey
"Sam DSouza",MariahCarey
"Sam Goldstein",MariahCarey
"Sam Li",MariahCarey
"Sarena Carey",MariahCarey
"Sarena DSouza",MariahCarey
"Sarena Li",MariahCarey
"Tom Wood",MariahCarey
"Alex Wood","Mary Smith"
"Bruno Smith","Mary Smith"
"Charles Chrysler","Mary Smith"
"Denny Toddbridge","Mary Smith"
"Elena DSouza","Mary Smith"
"Elena Parker","Mary Smith"
"Emma DSouza","Mary Smith"
"Emma Parker","Mary Smith"
"George Smith","Mary Smith"
"John Chrysler","Mary Smith"
"Tina Keit","Mary Smith"
"Albert Helibron",MichaelPhelps
"Albert Karipova",MichaelPhelps
"Betty Helibron",MichaelPhelps
BradPitt,MichaelPhelps
"Bruno Keit",MichaelPhelps
"Bruno Li",MichaelPhelps
"Celina Toddbridge",MichaelPhelps
"George Goldstein",MichaelPhelps
"George Lomet",MichaelPhelps
"Gina Helibron",MichaelPhelps
"Gina Smith",MichaelPhelps
"Gina Toddbridge",MichaelPhelps
"Jeremy Goldstein",MichaelPhelps
JohnTravolta,MichaelPhelps
JustinTimberlake,MichaelPhelps
"Mandy Smith",MichaelPhelps
"Nadir Li",MichaelPhelps
NicoleKidman,MichaelPhelps
"Roger Carey",MichaelPhelps
RogerFederer,MichaelPhelps
"Roger Larson",MichaelPhelps
"Roger Lomet",MichaelPhelps
"Sam Peterson",MichaelPhelps
SerenaWilliams,MichaelPhelps
"Tom Carey",MichaelPhelps
"Tom Chrysler",MichaelPhelps
"Albert Helibron","Mike Keit"
"Albert Li","Mike Keit"
"Denny Karipova","Mike Keit"
"Denny Toddbridge","Mike Keit"
"Emma Smith","Mike Keit"
"Gabriela Li","Mike Keit"
"John Parker","Mike Keit"
"Mandy Smith","Mike Keit"
"Sam DSouza","Mike Keit"
"Betty Lomet","Monica DSouza"
"George Smith","Monica DSouza"
"John Chrysler","Monica DSouza"
"Mike Keit","Monica DSouza"
"Nadir Helibron","Monica DSouza"
"Nadir Wood","Monica DSouza"
"Roger Lomet","Monica DSouza"
"Sarena DSouza","Monica DSouza"
"Albert Helibron","Monica Keit"
"Gina Carey","Monica Keit"
"Gina Helibron","Monica Keit"
"Nadir Helibron","Monica Keit"
"Roger Lomet","Monica Keit"
"Sarena Carey","Monica Keit"
"Gina Helibron","Monica Lomet"
"Betty Wood","Monica Toddbridge"
"Gabriela Li","Monica Toddbridge"
"Gina Helibron","Monica Toddbridge"
"John Parker","Monica Toddbridge"
"Albert Carey",MorganFreeman
"Albert Karipova",MorganFreeman
"Albert Larson",MorganFreeman
"Albert Li",MorganFreeman
"Albert Smith",MorganFreeman
"Alex Carey",MorganFreeman
"Alex Larson",MorganFreeman
"Alex Peterson",MorganFreeman
"Alex Wood",MorganFreeman
"Betty Lomet",MorganFreeman
"Bruno Karipova",MorganFreeman
"Bruno Keit",MorganFreeman
"Bruno Larson",MorganFreeman
"Bruno Lomet",MorganFreeman
"Bruno Parker",MorganFreeman
"Celina Larson",MorganFreeman
"Celina Parker",MorganFreeman
"Celina Toddbridge",MorganFreeman
"Charles Chrysler",MorganFreeman
"Charles DSouza",MorganFreeman
"Charles Karipova",MorganFreeman
"Charles Parker",MorganFreeman
"Charles Peterson",MorganFreeman
"Christy Helibron",MorganFreeman
"Christy Li",MorganFreeman
"Christy Lomet",MorganFreeman
"David Parker",MorganFreeman
"Denny Keit",MorganFreeman
"Denny Larson",MorganFreeman
"Denny Toddbridge",MorganFreeman
"Elena DSouza",MorganFreeman
"Elena Parker",MorganFreeman
"Emma Goldstein",MorganFreeman
"Emma Parker",MorganFreeman
"Emma Smith",MorganFreeman
"Erie DSouza",MorganFreeman
"Erie Karipova",MorganFreeman
"Gabriela Li",MorganFreeman
"George Goldstein",MorganFreeman
"George Lomet",MorganFreeman
"George Parker",MorganFreeman
"George Smith",MorganFreeman
"Gina Carey",MorganFreeman
"Gina Helibron",MorganFreeman
"Gina Parker",MorganFreeman
"Gina Smith",MorganFreeman
"Gina Toddbridge",MorganFreeman
"Jeremy Carey",MorganFreeman
"Jeremy Goldstein",MorganFreeman
"John Chrysler",MorganFreeman
"John Parker",MorganFreeman
"John Wood",MorganFreeman
JuliaRoberts,MorganFreeman
"Kitty Helibron",MorganFreeman
"Kitty Toddbridge",MorganFreeman
"Mandy Smith",MorganFreeman
"Mandy Wood",MorganFreeman
MariahCarey,MorganFreeman
"Mary Smith",MorganFreeman
"Mike Keit",MorganFreeman
"Monica DSouza",MorganFreeman
"Monica Keit",MorganFreeman
"Monica Lomet",MorganFreeman
"Monica Toddbridge",MorganFreeman
"Nadir Goldstein",MorganFreeman
"Nadir Karipova",MorganFreeman
"Nadir Li",MorganFreeman
"Nadir Toddbridge",MorganFreeman
NicoleKidman,MorganFreeman
"Peter Keit",MorganFreeman
"Roger DSouza",MorganFreeman
"Roger Larson",MorganFreeman
"Sam DSouza",MorganFreeman
"Sam Goldstein",MorganFreeman
"Sam Helibron",MorganFreeman
"Sam Li",MorganFreeman
"Sam Peterson",MorganFreeman
"Sarena Carey",MorganFreeman
"Sarena DSouza",MorganFreeman
"Sarena Li",MorganFreeman
SerenaWilliams,MorganFreeman
"Tina Keit",MorganFreeman
"Tom Carey",MorganFreeman
"Tom Chrysler",MorganFreeman
"Alex Carey","Nadir Goldstein"
"Alex Larson","Nadir Goldstein"
"Betty Lomet","Nadir Goldstein"
"Charles DSouza","Nadir Goldstein"
"Charles Peterson","Nadir Goldstein"
"Denny Keit","Nadir Goldstein"
"Denny Toddbridge","Nadir Goldstein"
"Elena Chrysler","Nadir Goldstein"
"Emma DSouza","Nadir Goldstein"
"George Goldstein","Nadir Goldstein"
"John Chrysler","Nadir Goldstein"
"Roger Carey","Nadir Goldstein"
"Roger Larson","Nadir Goldstein"
"Sam Goldstein","Nadir Goldstein"
"Sam Peterson","Nadir Goldstein"
"Alex Peterson","Nadir Helibron"
"Bruno Larson","Nadir Helibron"
"Celina Toddbridge","Nadir Helibron"
"Emma Parker","Nadir Helibron"
"Kitty Helibron","Nadir Helibron"
"Sam Goldstein","Nadir Helibron"
"Alex Wood","Nadir Karipova"
"Charles Chrysler","Nadir Li"
"Denny Larson","Nadir Li"
"Gina Toddbridge","Nadir Li"
"Albert Larson","Nadir Toddbridge"
"Betty Lomet","Nadir Toddbridge"
"Denny Keit","Nadir Toddbridge"
"Elena Chrysler","Nadir Toddbridge"
"Emma DSouza","Nadir Toddbridge"
"George Smith","Nadir Toddbridge"
"Monica Toddbridge","Nadir Toddbridge"
"Nadir Karipova","Nadir Toddbridge"
"Alex Wood","Nadir Wood"
"Elena DSouza","Nadir Wood"
"Emma Parker","Nadir Wood"
"Jeremy Goldstein","Nadir Wood"
"Kitty Toddbridge","Nadir Wood"
"Nadir Goldstein","Nadir Wood"
"Tom Wood","Nadir Wood"
"Albert Karipova",NicholasCage
"Albert Larson",NicholasCage
"Alex Keit",NicholasCage
"Alex Wood",NicholasCage
"Betty Chrysler",NicholasCage
"Betty Lomet",NicholasCage
BruceWillis,NicholasCage
"Bruno Lomet",NicholasCage
"Celina Larson",NicholasCage
"Charles Peterson",NicholasCage
"Christy Li",NicholasCage
"Christy Lomet",NicholasCage
"David Parker",NicholasCage
"Denny Goldstein",NicholasCage
"Denny Larson",NicholasCage
"Denny Toddbridge",NicholasCage
"Elena Chrysler",NicholasCage
"Elena Parker",NicholasCage
"Emma Smith",NicholasCage
"Erie Karipova",NicholasCage
"Gabriela Li",NicholasCage
"Gina Carey",NicholasCage
"Gina Helibron",NicholasCage
"Gina Parker",NicholasCage
"Gina Smith",NicholasCage
"Gina Toddbridge",NicholasCage
"John Parker",NicholasCage
"Kitty Toddbridge",NicholasCage
"Mandy Smith",NicholasCage
"Mary Smith",NicholasCage
"Monica Toddbridge",NicholasCage
"Nadir Goldstein",NicholasCage
"Nadir Karipova",NicholasCage
"Nadir Toddbridge",NicholasCage
"Nadir Wood",NicholasCage
"Peter Karipova",NicholasCage
"Sam Goldstein",NicholasCage
"Sam Larson",NicholasCage
"Sarena DSouza",NicholasCage
"Sarena Li",NicholasCage
"Tina Keit",NicholasCage
JustinTimberlake,NicoleKidman
VenusWilliams,NicoleKidman
"Albert Carey","Peter Karipova"
"Celina Toddbridge","Peter Karipova"
"Charles Chrysler","Peter Karipova"
"Denny Larson","Peter Karipova"
"Denny Toddbridge","Peter Karipova"
"Gina Smith","Peter Karipova"
"Nadir Wood","Peter Karipova"
"Sam Larson","Peter Karipova"
"Sam Peterson","Peter Karipova"
"Charles Peterson","Peter Keit"
"Denny Keit","Peter Keit"
"Denny Toddbridge","Peter Keit"
"Gina Toddbridge","Peter Keit"
"Jeremy Carey","Peter Keit"
"Kitty Helibron","Peter Keit"
"Mandy Wood","Peter Keit"
"Albert Carey",RafaelNadal
"Albert Li",RafaelNadal
"Albert Smith",RafaelNadal
"Alex Keit",RafaelNadal
"Alex Wood",RafaelNadal
"Betty Lomet",RafaelNadal
"Betty Wood",RafaelNadal
BradPitt,RafaelNadal
"Bruno Karipova",RafaelNadal
"Bruno Lomet",RafaelNadal
"Bruno Parker",RafaelNadal
"Bruno Smith",RafaelNadal
"Charles Chrysler",RafaelNadal
"Charles Karipova",RafaelNadal
"Charles Parker",RafaelNadal
"Charles Peterson",RafaelNadal
"Christy Li",RafaelNadal
"Christy Lomet",RafaelNadal
DavidBeckham,RafaelNadal
"David Parker",RafaelNadal
"Denny Larson",RafaelNadal
"Denny Toddbridge",RafaelNadal
"Emma DSouza",RafaelNadal
"Emma Goldstein",RafaelNadal
"Emma Smith",RafaelNadal
"Erie Karipova",RafaelNadal
"George Goldstein",RafaelNadal
"George Lomet",RafaelNadal
"Gina Carey",RafaelNadal
"Jeremy Carey",RafaelNadal
"John Wood",RafaelNadal
"Kitty Helibron",RafaelNadal
"Mandy Smith",RafaelNadal
"Mandy Wood",RafaelNadal
"Mike Keit",RafaelNadal
"Monica Lomet",RafaelNadal
"Monica Toddbridge",RafaelNadal
"Nadir Goldstein",RafaelNadal
"Nadir Wood",RafaelNadal
"Peter Karipova",RafaelNadal
"Peter Keit",RafaelNadal
"Roger Carey",RafaelNadal
"Roger Larson",RafaelNadal
"Roger Lomet",RafaelNadal
"Sam DSouza",RafaelNadal
"Sam Goldstein",RafaelNadal
"Sam Helibron",RafaelNadal
"Sam Peterson",RafaelNadal
"Sarena Carey",RafaelNadal
"Sarena Li",RafaelNadal
"Tina Keit",RafaelNadal
"Tom Carey",RafaelNadal
"Alex Peterson","Roger Carey"
"Denny Larson","Roger Carey"
"Emma Parker","Roger Carey"
"Mandy Smith","Roger Carey"
"Monica Keit","Roger Carey"
"Alex Wood","Roger DSouza"
"Betty Chrysler","Roger DSouza"
"Emma Parker","Roger DSouza"
"Gina Helibron","Roger DSouza"
"Jeremy Goldstein","Roger DSouza"
"Sam Li","Roger DSouza"
SandraBullock,RogerFederer
"Betty Lomet","Roger Larson"
"Bruno Keit","Roger Larson"
"George Lomet","Roger Larson"
"Roger DSouza","Roger Larson"
"Sarena Li","Roger Larson"
"Tom Carey","Roger Larson"
"Charles Parker","Roger Lomet"
"Erie Karipova","Roger Lomet"
"Jeremy Carey","Roger Lomet"
"John Chrysler","Roger Lomet"
"Kitty Toddbridge","Roger Lomet"
"Roger DSouza","Roger Lomet"
"Sam Larson","Roger Lomet"
"Emma Parker","Sam DSouza"
"Erie Karipova","Sam DSouza"
"Kitty Helibron","Sam DSouza"
"Tina Keit","Sam DSouza"
"Alex Wood","Sam Goldstein"
"Betty Helibron","Sam Goldstein"
"Betty Wood","Sam Goldstein"
"Bruno Larson","Sam Goldstein"
"Celina Parker","Sam Goldstein"
"Denny Karipova","Sam Goldstein"
"Emma DSouza","Sam Goldstein"
"Erie Karipova","Sam Goldstein"
"Gina Parker","Sam Goldstein"
"Gina Smith","Sam Goldstein"
"Mary Smith","Sam Goldstein"
"Nadir Goldstein","Sam Goldstein"
"Nadir Helibron","Sam Goldstein"
"Nadir Toddbridge","Sam Goldstein"
"Peter Karipova","Sam Goldstein"
"Sam Li","Sam Goldstein"
"Charles Karipova","Sam Helibron"
"Denny Toddbridge","Sam Helibron"
"Kitty Helibron","Sam Helibron"
"Sam Goldstein","Sam Helibron"
"Sam Peterson","Sam Helibron"
"Tom Chrysler","Sam Helibron"
"Bruno Larson","Sam Larson"
"Celina Larson","Sam Larson"
"Celina Toddbridge","Sam Larson"
"Christy Helibron","Sam Larson"
"Kitty Helibron","Sam Larson"
"Nadir Goldstein","Sam Larson"
"Roger Lomet","Sam Larson"
"Sarena Carey","Sam Larson"
"Alex Wood","Sam Li"
"Bruno Larson","Sam Li"
"David Parker","Sam Li"
"Denny Keit","Sam Li"
"Denny Larson","Sam Li"
"Elena Parker","Sam Li"
"George Smith","Sam Li"
"Gina Toddbridge","Sam Li"
"Mandy Smith","Sam Li"
"Nadir Goldstein","Sam Li"
"Sam Peterson","Sam Li"
"Betty Chrysler","Sam Peterson"
"Bruno Larson","Sam Peterson"
"John Wood","Sam Peterson"
"Peter Karipova","Sam Peterson"
"Albert Karipova",SandraBullock
"Alex Wood",SandraBullock
"Betty Helibron",SandraBullock
"Bruno Karipova",SandraBullock
"Bruno Larson",SandraBullock
"Bruno Lomet",SandraBullock
"Celina Larson",SandraBullock
"Celina Toddbridge",SandraBullock
"Charles Karipova",SandraBullock
"Charles Parker",SandraBullock
"Charles Peterson",SandraBullock
"Christy Lomet",SandraBullock
DavidBeckham,SandraBullock
"Elena DSouza",SandraBullock
"Emma Smith",SandraBullock
"Erie DSouza",SandraBullock
"Gabriela Li",SandraBullock
"George Goldstein",SandraBullock
"George Smith",SandraBullock
"Gina Larson",SandraBullock
"Gina Toddbridge",SandraBullock
"Kitty Helibron",SandraBullock
MichaelPhelps,SandraBullock
"Mike Keit",SandraBullock
"Monica Lomet",SandraBullock
"Monica Toddbridge",SandraBullock
"Nadir Karipova",SandraBullock
"Nadir Toddbridge",SandraBullock
NicholasCage,SandraBullock
"Peter Karipova",SandraBullock
RogerFederer,SandraBullock
"Sam Larson",SandraBullock
"Sarena Carey",SandraBullock
"Tom Carey",SandraBullock
TomHanks,SandraBullock
"Albert Larson","Sarena Carey"
"Charles Chrysler","Sarena Carey"
"George Parker","Sarena Carey"
"George Smith","Sarena Carey"
"Monica DSouza","Sarena Carey"
"Monica Keit","Sarena Carey"
"Tom Chrysler","Sarena Carey"
"Albert Smith","Sarena DSouza"
"Celina Toddbridge","Sarena DSouza"
"Charles Parker","Sarena DSouza"
"Denny Larson","Sarena DSouza"
"Emma Parker","Sarena DSouza"
"George Parker","Sarena DSouza"
"George Smith","Sarena DSouza"
"Mike Keit","Sarena DSouza"
"Nadir Goldstein","Sarena DSouza"
"Nadir Karipova","Sarena DSouza"
"Roger DSouza","Sarena DSouza"
"Albert Karipova","Sarena Li"
"Charles Parker","Sarena Li"
"Gina Toddbridge","Sarena Li"
"Nadir Toddbridge","Sarena Li"
SandraBullock,SerenaWilliams
"Bruno Larson","Tina Keit"
"Mary Smith","Tina Keit"
"Albert Helibron","Tom Carey"
"Denny Toddbridge","Tom Carey"
"George Smith","Tom Carey"
"Gina Larson","Tom Carey"
"Roger Larson","Tom Carey"
"Sam Goldstein","Tom Carey"
"Sam Li","Tom Carey"
"Albert Helibron","Tom Chrysler"
"Alex Carey","Tom Chrysler"
"Celina Parker","Tom Chrysler"
"Elena Chrysler","Tom Chrysler"
"Emma DSouza","Tom Chrysler"
"Erie Karipova","Tom Chrysler"
"Gina Carey","Tom Chrysler"
"Gina Parker","Tom Chrysler"
"Mike Keit","Tom Chrysler"
"Monica Toddbridge","Tom Chrysler"
"Nadir Toddbridge","Tom Chrysler"
"Sam Li","Tom Chrysler"
"Tom Carey","Tom Chrysler"
"Betty Wood",TomHanks
"Denny Karipova",TomHanks
"Elena DSouza",TomHanks
"Emma Parker",TomHanks
"Gina Carey",TomHanks
"John Wood",TomHanks
"Kitty Helibron",TomHanks
MichaelPhelps,TomHanks
"Monica DSouza",TomHanks
"Monica Keit",TomHanks
"Nadir Wood",TomHanks
NicoleKidman,TomHanks
"Betty Helibron","Tom Wood"
"Bruno Larson","Tom Wood"
"Erie Karipova","Tom Wood"
"George Smith","Tom Wood"
"Gina Carey","Tom Wood"
"Mary Smith","Tom Wood"
"Roger Lomet","Tom Wood"
"Albert Carey",VenusWilliams
"Albert Helibron",VenusWilliams
"Albert Larson",VenusWilliams
"Albert Li",VenusWilliams
"Albert Smith",VenusWilliams
"Alex Carey",VenusWilliams
"Alex Keit",VenusWilliams
"Alex Larson",VenusWilliams
"Betty Chrysler",VenusWilliams
"Betty Helibron",VenusWilliams
"Betty Lomet",VenusWilliams
"Bruno Karipova",VenusWilliams
"Bruno Keit",VenusWilliams
"Bruno Larson",VenusWilliams
"Bruno Lomet",VenusWilliams
"Bruno Parker",VenusWilliams
"Celina Larson",VenusWilliams
"Celina Parker",VenusWilliams
"Celina Toddbridge",VenusWilliams
"Charles Karipova",VenusWilliams
"Charles Parker",VenusWilliams
"Charles Peterson",VenusWilliams
"Christy Helibron",VenusWilliams
"Christy Lomet",VenusWilliams
"David Parker",VenusWilliams
"Denny Goldstein",VenusWilliams
"Denny Karipova",VenusWilliams
"Denny Keit",VenusWilliams
"Denny Toddbridge",VenusWilliams
"Elena Chrysler",VenusWilliams
"Elena DSouza",VenusWilliams
"Emma DSouza",VenusWilliams
"Emma Goldstein",VenusWilliams
"Emma Parker",VenusWilliams
"Emma Smith",VenusWilliams
"Erie DSouza",VenusWilliams
"Erie Karipova",VenusWilliams
"George Lomet",VenusWilliams
"George Parker",VenusWilliams
"George Smith",VenusWilliams
"Gina Carey",VenusWilliams
"Gina Larson",VenusWilliams
"Gina Parker",VenusWilliams
"Gina Toddbridge",VenusWilliams
"Jeremy Goldstein",VenusWilliams
"Jeremy Parker",VenusWilliams
"John Chrysler",VenusWilliams
"John Wood",VenusWilliams
"Kitty Helibron",VenusWilliams
"Kitty Toddbridge",VenusWilliams
"Mandy Smith",VenusWilliams
"Monica DSouza",VenusWilliams
"Monica Keit",VenusWilliams
"Monica Lomet",VenusWilliams
"Monica Toddbridge",VenusWilliams
"Nadir Goldstein",VenusWilliams
"Nadir Helibron",VenusWilliams
"Nadir Li",VenusWilliams
"Nadir Toddbridge",VenusWilliams
"Nadir Wood",VenusWilliams
"Peter Karipova",VenusWilliams
"Peter Keit",VenusWilliams
RogerFederer,VenusWilliams
"Sam DSouza",VenusWilliams
"Sam Helibron",VenusWilliams
"Sam Li",VenusWilliams
"Sam Peterson",VenusWilliams
"Sarena DSouza",VenusWilliams
"Sarena Li",VenusWilliams
SerenaWilliams,VenusWilliams
"Tom Carey",VenusWilliams
"Tom Chrysler",VenusWilliams
